quote,keywords
It's simply beyond words. It's incalcucable.,"beyond, words"
"Abraham Lincoln once said that If you're a racist, I will attack you with the North and these are the principles I carry with me in the workplace.","abraham lincoln, racist"
"This is our receptionist, Pam. If you think she's cute now, you should have seen her a couple years ago.",receptionist
"I guess the atmosphere that I've tried to create here is that I'm a friend first and a boss second, and probably an entertainer third.","boss, entertainer"
"No, I'm not going to tell them about the downsizing. If a patient has cancer, you don't tell them.",downsizing
"I am Michael, and I am part English, Irish, German, and Scottish, sort of a virtual United Nations.",united nations
"I learned improv from the greats, like Drew Carey and Ryan Stiles.",improv
I think if I was allergic to dairy I'd kill myself.,"allergic, dairy"
"A lot of the people here don't get trophies very often, like Meridith or Kevin. I mean who's gonna give Kevin an award, Dunkin' Donuts?",trophies
"Toby is in HR, which technically means he works for corporate, so he's really not a part of our family. Also, he's divorced, so he's really not a part of his family.","family, toby"
"Would I rather be feared or loved? Um... Easy, both. I want people to be afraid of how much they love me.","fear, love"
That is a perfectly good mini Christmas tree. We are going to sell that to charity because that is what Christmas is all about.,christmas
"Unbelievable. I do the nicest thing that anyones ever done for these people and they freak-out. Well happy birthday Jesus, sorry your party's so lame.","jesus, christmas"
Megan? May we have an Awesome Blossom please? Extra awesome.,"awesome, extra"
I don't understand. You want to see other people? Only other people?,other people
"Wow, all these charts and graphs. Someone's been doing their homework... looks like USA Today.","chart , graph"
"Jan is cold. If she was sitting across from you on a train, and she wasn't moving, you might think she was dead.",cold
"The first guy says, Well Im an astronaut, so I drive a Saturn. And the second guy says, Well I am a pimp so I drive a cheap Escort. And the third guy says, I got you both beat. Im a proctologist, so I drive a brown Probe.","astronaut, pimp"
A gentleman does not kiss and tell. And neither do I.,gentleman
"What is with the guy jumping overboard? If he had just waited and heard what I had to say, he would be motivated right now, and not all wet.",jump
"Leader. Ship. The word 'ship' is hidden in side the word 'leadership,' as its... derivation.",leadership
"In an office when you are ranking people manager outranks captain. On a boat, who knows? It's nebulose.","captain, rank"
Captain Jack's a fart face.,captain jack
Sometimes you have to take a break from being the kind of boss that's always trying to teach people things. Sometimes you just have to be the boss of dancing.,dancing
"Yes. It is true. I, Michael Scott, am signing up with an online dating service. Thousands of people have done it, and I am going to do it. I need a username, and... I have a great one.  'Little Kid Lover'. That way people will know exactly where my priorities are at.",online dating
Hi children. Im Michael Scott and I am in charge of this place (how do I make you understand?). I am like Superman and the people who work here are like citizens of Gotham City.,superman
"Listen, I like kids but this is not a kids environment. This is like HBO. No limits. Who knows what Im gonna say? Crazy stuffand it is R-rated. It is not rated G. Im like Eddie Murphy in Raw and they are trying to make me into Eddie Murphy in Daddy Daycare. Both great movies, but still",eddie murphy
Im very sorry I did not know that you were wearing a hearing aid. I just thought that you were speaking abnormally,hearing aid
"Pam, I'm public speaking. Stop public interrupting me. Actually, this would be good practice for your wedding toast.",public speaking
I hope this gave you a little taste of what life is like here at Dunder Mifflin Scranton. What it's like to walk in Oscars shoes or try on Phyllis pants.,scranton
"Yeah I shot a bunch of footage around the office. Edited it together on my Mac. Was thinking about entering it at some festivals...I probably won't, thats not what this is about.",footage
This presentation is Desert Storm and as soon as it's done we will not have to deal with those Iraqis anymore.,iraqi
This is the world famous Rockefeller Center. Founded of course by Theodore Rockefeller. This is the skating rink and I think the Rangers practice there sometimes.,ranger
"Scranton is great, but New York is like Scranton on acid. No, on speed. Nah. On steroids.",new york
"Here it is, heart of New York City, Time Square. Named for the good times you have when you are in it. Most people, when they come to New York, they go straight to the Empire State Building. That's very touristy. I come here.","time square , empire state building"
"This is a business trip. I would have to be a raving lunatic to try to talk to Jan about what happened between us. Her words, not mine. She sent me an email this morning. But, it is Valentine's Day. It's New York. City of Love.",love
"Now you may look around and see two groups here. White collar, blue collar. But I dont see it that way. You know why not? Because I am collar-blind.",collar
"Do you realize that underneath us is another world? The warehouse world. A world that is teaming with sweat, and dirt and life! Life. The bowels of the office. These guys are down there, they are real men doing real mens work. We are going to learn how a warehouse works.","warehouse, bowel"
Why can't boys play with dolls? Why does society force us to use urinals when sitting down is far more comfortable?,doll
What is more important than quality? Equality.,equality
"Last week I would've given a kidney to anyone in this office. I would've reached right into my stomach and pulled it out for them. But now, no. I don't have the relationship with these people that I thought I did. I hope they ask, so they can hear me say, Uh, no, I only give my organs to my real friends. Go get yourself a monkey kidney.","kidney, organ"
I am a victim of a hate crime! I think Stanley knows what Im talking about.,hate crime
Is this done? Extreme Home Makeover puts together a house in an hour. If you were on that crew you would be fired like that!,home makeover
You know what? I am beginning to think that what happened to my carpet was an act of terrorism against the office.,terrorism
"Once, as a joke, Packer banged every chick in the office. It was hysterical",chick
Another time Packer held this guys head in the toilet for like a minute. Guy had no sense of humor about it. Probably why he wasn't hired.,"toilet, humor"
"Jim and I are great friends. We hang out a ton, mostly at work.","friend, work"
"Today is spring cleaning day here at Dunder Mifflin and -- yes, I know its January, I am not an idiot -- but if you do your spring cleaning in January, guess what you dont have to do in spring? Anything","spring cleaning, cleaning"
The rules of shotgun are very simple and very clear. The first person to shout 'shotgun' when you're within sight of the car gets the front seat. That's how the game's played. There are no exceptions for someone with a concussion.,"shotgun, front seat"
Yeah I am fussy! Aspirins not gonna do a damn thing! Im sitting here with a bloody stump of a foot.,fussy
I bumped my elbow against the wall and now my elbow has a protruberance. No one wants to pick me up?!?!,elbow
"Ok, I know what all of you are thinking: who is this smart little cookie. Her name is Brendasomethingand she is from corporate. And she is here, like you, to learn from what I have to say.",corporate
"This is not just another party. This is a leadership training exercise, right? Im going to combine elements of fun and motivation and education into a single, mind-blowing experience.","party, leadership, education"
Yankee Swap is like Machiavelli meets Christmas,yankee
"So Phyllis is basically saying Hey Michael, I know you did a lot to help the office this year, but I only care about you and oven mitts-worth. I gave Ryan an iPod!",oven mitt
"Presents are the best way to show someone how much you care. It is like this tangible thing that you can point to and say Hey man, I love you this many dollars-worth.","presents, dollars"
"Think about this, what is the most exciting thing that can happen on TV or in movies, or in real-life? Somebody has a gun. That's why I always start with a gun, because you can't top it. You just can't.",gun
"You know what the problem is? The problem is that when people hear the term big brother they immediately think it's bad or it's scary. But I don't, I think, l love my big brother.",big brother
"There are certain things a boss does not share with his employees. His salary, that would depress them. His bed. And I am not going to tell them that I will be reading their emails.","boss, salary, email"
"If I step on a mine in Scranton Pennsylvania and die, you can have my job.","job, scranton"
"I told Dwight that there is honor in losing. Which, as we all know, is completely ridiculous. But there is however honor in making a loser feel better, which is what I just did for Dwight.","honor, lose, win"
"Yes, I was the first one out. And yes, I’ve heard “women and children first”. But, we do not employ children. We are not a sweatshop, thankfully. And women are equal in the workplace by law. So if I let them out first, I have a lawsuit on my hands.","woman, child"
"I'm not superstitious, I'm a little-stitious.",superstitious
"If I had a gun with two bullets and I was in a room with Hitler, Bin Laden, and Toby, I would shoot Toby twice.","toby, shoot"
Sometimes I will start a sentence and I don’t even know where it's going. I just hope I find it along the way.,sentence
I am running away from my responsibilities. And it feels good.,responsibility
I have flaws. What are they? I sing in the shower. Sometimes I spend too much time volunteering. Occasionally I'll hit somebody with my car.,"flaw, volunteering , sing"
"When I said that I was king of forwards, you’ve got to understand that I don’t come up with this stuff. I just forward it along. You wouldn’t arrest a guy who was just passing drugs from one guy to another.","forward, drugs"
I was shocked when he told me he was transferring to Stamford. It’s like with fireman: You don’t leave your brothers behind. Even if you find out that there is a better fire in Connecticut.,fireman
I don’t want somebody sucking up to me because they think I am going to help their career. I want them sucking up to me because they genuinely love me.,"career, love, sucking up"
"Don't ever, for any reason, do anything to anyone, for any reason, ever, no matter what. No matter ... where. Or who, or who you are with, or where you are going, or ... or where you've been ... ever. For any reason, whatsoever.",do anything
You spend your whole life trying to get people to like you and then you run over one person with your car…and it's not even one of the popular ones and everybody gets on your case.,like
"Make friends first, make sales second, make love third. In no particular order.","make friends, make love, make sales"
There's no such thing as an appropriate joke. That's why it's called a joke.,"appropriate, joke, appropriate joke"
Suddenly she's not your ho no mo',"hoe, broke up"
I declare…bankruptcy!!!,bankruptcy
My mom always used to say that average people are the most special people in the world. And that’s why God made so many.,average people
"You know what they say. ‘Fool me once, strike one, but fool me twice… strike three.",fool me
"What is it like being single? I like it! I like starting each day with a sense of possibility. And I’m optimistic, because everyday I get a little more desperate. And desperate situations yield the quickest results.","being single, optimistic"
"I don’t hate it. I just don’t like it at all, and it’s terrible.","hate, terrible"
"Society teaches us that having feelings and crying is bad and wrong. Well, that’s baloney, because grief isn’t wrong. There’s such a thing as good grief. Just ask Charlie Brown.",society
Just tell him to call me ASAP as possible.,asap
Wikipedia is the best thing ever. Anyone in the world can write anything they want about any subject. So you know you are getting the best possible information.,wikipedia
Do you think that doing alcohol is cool? ,alcohol
"If I had to choose between a one-night stand with some cow I pick up at a bar and these people, I'd pick them every time. Because with them it is an everyday stand; and I still know their names in the morning.",one night stand
"I'll bet you would. Just try not to be too gay on the court…and by gay I mean, um…y'know not in the homosexual way at all. I mean the, uh, y'know like the bad at sports way. I think that goes without saying.","gay, homosexual"
"You'll notice I didn't have anybody be an Arab. I thought that would be too explosive…uh, no pun intended, but I just thought too soon for Arabs. Maybe next year…um…y'know…the ball's in their court.","arab, explosive"
Webster's Dictionary defines wedding as: The fusing of two metals with a hot torch.,wedding
